date,temperature_2m,wind_speed_30hPa,wind_speed_50hPa,wind_speed_70hPa,wind_speed_100hPa,wind_speed_150hPa,wind_speed_200hPa,wind_speed_250hPa,wind_speed_300hPa,wind_speed_400hPa,wind_speed_500hPa,wind_speed_600hPa,wind_speed_700hPa,wind_speed_800hPa,wind_speed_850hPa,wind_speed_900hPa,wind_speed_925hPa,wind_speed_950hPa,wind_speed_975hPa,wind_speed_1000hPa,wind_direction_30hPa,wind_direction_50hPa,wind_direction_70hPa,wind_direction_100hPa,wind_direction_150hPa,wind_direction_200hPa,wind_direction_250hPa,wind_direction_300hPa,wind_direction_400hPa,wind_direction_500hPa,wind_direction_600hPa,wind_direction_700hPa,wind_direction_800hPa,wind_direction_850hPa,wind_direction_900hPa,wind_direction_925hPa,wind_direction_950hPa,wind_direction_975hPa,wind_direction_1000hPa,pressure_msl,surface_pressure,cloud_cover_high,cloud_cover_mid,cloud_cover_low,is_day
2025-08-01 00:00:00+00:00,16.481499,,,,,,,,,,,,,,,,,,,,,,,,,,,,,,,,,,,,,,,1025.4,974.5847,0.0,0.0,50.0,1.0
2025-08-01 01:00:00+00:00,14.6315,,,,,,,,,,,,,,,,,,,,,,,,,,,,,,,,,,,,,,,1025.4,974.2679,0.0,0.0,11.0,1.0
2025-08-01 11:00:00+00:00,9.5815,,,,,,,,,,,,,,,,,,,,,,,,,,,,,,,,,,,,,,,1027.1,974.9962,0.0,0.0,32.0,1.0
2025-08-01 12:00:00+00:00,11.9315,,,,,,,,,,,,,,,,,,,,,,,,,,,,,,,,,,,,,,,1027.1,975.41266,0.0,0.0,2.0,1.0
2025-08-01 13:00:00+00:00,14.0815,,,,,,,,,,,,,,,,,,,,,,,,,,,,,,,,,,,,,,,1027.2,975.88293,0.0,0.0,2.0,1.0
2025-08-01 14:00:00+00:00,15.531501,,,,,,,,,,,,,,,,,,,,,,,,,,,,,,,,,,,,,,,1026.9,975.84796,0.0,0.0,9.0,1.0
2025-08-01 15:00:00+00:00,17.3815,,,,,,,,,,,,,,,,,,,,,,,,,,,,,,,,,,,,,,,1026.3,975.5929,0.0,0.0,7.0,1.0
2025-08-01 16:00:00+00:00,19.1315,,,,,,,,,,,,,,,,,,,,,,,,,,,,,,,,,,,,,,,1026.4,975.98267,0.0,0.0,2.0,1.0
2025-08-01 17:00:00+00:00,20.8315,,,,,,,,,,,,,,,,,,,,,,,,,,,,,,,,,,,,,,,1025.7,975.59985,0.0,0.0,10.0,1.0
2025-08-01 18:00:00+00:00,21.731499,,,,,,,,,,,,,,,,,,,,,,,,,,,,,,,,,,,,,,,1025.4,975.463,0.0,0.0,20.0,1.0
2025-08-01 19:00:00+00:00,22.1315,,,,,,,,,,,,,,,,,,,,,,,,,,,,,,,,,,,,,,,1025.4,975.5284,0.0,0.0,36.0,1.0
2025-08-01 20:00:00+00:00,22.3315,,,,,,,,,,,,,,,,,,,,,,,,,,,,,,,,,,,,,,,1024.9,975.0857,0.0,0.0,34.0,1.0
2025-08-01 21:00:00+00:00,22.6315,,,,,,,,,,,,,,,,,,,,,,,,,,,,,,,,,,,,,,,1024.6,974.8493,0.0,0.0,22.0,1.0
2025-08-01 22:00:00+00:00,22.6315,,,,,,,,,,,,,,,,,,,,,,,,,,,,,,,,,,,,,,,1024.6,974.8493,0.0,0.0,8.0,1.0
2025-08-01 23:00:00+00:00,22.2815,,,,,,,,,,,,,,,,,,,,,,,,,,,,,,,,,,,,,,,1024.2,974.4114,0.0,0.0,0.0,1.0
2025-08-02 00:00:00+00:00,19.5815,,,,,,,,,,,,,,,,,,,,,,,,,,,,,,,,,,,,,,,1024.1,973.8708,3.0,0.0,0.0,1.0
2025-08-02 01:00:00+00:00,17.3815,,,,,,,,,,,,,,,,,,,,,,,,,,,,,,,,,,,,,,,1024.0,973.4065,8.0,0.0,0.0,1.0
2025-08-02 11:00:00+00:00,13.1815,,,,,,,,,,,,,,,,,,,,,,,,,,,,,,,,,,,,,,,1023.4,972.11694,0.0,0.0,6.0,1.0
2025-08-02 12:00:00+00:00,14.3315,,,,,,,,,,,,,,,,,,,,,,,,,,,,,,,,,,,,,,,1022.9,971.8408,0.0,0.0,9.0,1.0
2025-08-02 14:00:00+00:00,18.8315,,,,,,,,,,,,,,,,,,,,,,,,,,,,,,,,,,,,,,,1022.4,972.129,0.0,0.0,5.0,1.0
2025-08-02 15:00:00+00:00,20.6815,,,,,,,,,,,,,,,,,,,,,,,,,,,,,,,,,,,,,,,1021.6,971.6753,0.0,0.0,4.0,1.0
2025-08-02 16:00:00+00:00,22.1815,,,,,,,,,,,,,,,,,,,,,,,,,,,,,,,,,,,,,,,1021.3,971.63605,0.0,0.0,1.0,1.0
2025-08-02 17:00:00+00:00,23.5815,,,,,,,,,,,,,,,,,,,,,,,,,,,,,,,,,,,,,,,1020.9,971.48285,1.0,0.0,3.0,1.0
2025-08-02 18:00:00+00:00,24.5315,,,,,,,,,,,,,,,,,,,,,,,,,,,,,,,,,,,,,,,1020.5,971.25543,3.0,0.0,5.0,1.0
2025-08-02 19:00:00+00:00,24.731499,,,,,,,,,,,,,,,,,,,,,,,,,,,,,,,,,,,,,,,1020.0,970.8115,0.0,0.0,2.0,1.0
2025-08-02 20:00:00+00:00,24.6815,,,,,,,,,,,,,,,,,,,,,,,,,,,,,,,,,,,,,,,1019.8,970.6132,0.0,0.0,2.0,1.0
2025-08-02 21:00:00+00:00,24.4315,,,,,,,,,,,,,,,,,,,,,,,,,,,,,,,,,,,,,,,1019.4,970.1924,0.0,0.0,0.0,1.0
2025-08-02 22:00:00+00:00,23.9315,,,,,,,,,,,,,,,,,,,,,,,,,,,,,,,,,,,,,,,1018.7,969.44574,0.0,0.0,0.0,1.0
2025-08-02 23:00:00+00:00,22.9315,,,,,,,,,,,,,,,,,,,,,,,,,,,,,,,,,,,,,,,1018.7,969.2842,0.0,0.0,0.0,1.0
2025-08-03 01:00:00+00:00,20.0815,,,,,,,,,,,,,,,,,,,,,,,,,,,,,,,,,,,,,,,1018.0,968.15265,0.0,0.0,0.0,1.0
2025-08-03 11:00:00+00:00,14.1315,,,,,,,,,,,,,,,,,,,,,,,,,,,,,,,,,,,,,,,1017.8,966.9611,0.0,0.0,1.0,1.0
2025-08-03 12:00:00+00:00,15.3815,,,,,,,,,,,,,,,,,,,,,,,,,,,,,,,,,,,,,,,1017.6,966.9846,0.0,0.0,1.0,1.0
2025-08-03 13:00:00+00:00,17.3815,,,,,,,,,,,,,,,,,,,,,,,,,,,,,,,,,,,,,,,1017.3,967.03754,0.0,0.0,1.0,1.0
2025-08-03 14:00:00+00:00,19.7815,,,,,,,,,,,,,,,,,,,,,,,,,,,,,,,,,,,,,,,1017.2,967.3422,0.0,0.0,1.0,1.0
2025-08-03 15:00:00+00:00,21.5815,,,,,,,,,,,,,,,,,,,,,,,,,,,,,,,,,,,,,,,1016.9,967.35254,0.0,0.0,1.0,1.0
2025-08-03 16:00:00+00:00,23.231499,,,,,,,,,,,,,,,,,,,,,,,,,,,,,,,,,,,,,,,1017.1,967.81055,0.0,0.0,0.0,1.0
2025-08-03 17:00:00+00:00,24.5315,,,,,,,,,,,,,,,,,,,,,,,,,,,,,,,,,,,,,,,1017.0,967.9243,0.0,0.0,7.0,1.0
2025-08-03 18:00:00+00:00,25.2815,,,,,,,,,,,,,,,,,,,,,,,,,,,,,,,,,,,,,,,1016.7,967.7585,0.0,0.0,11.0,1.0
2025-08-03 19:00:00+00:00,25.1815,,,,,,,,,,,,,,,,,,,,,,,,,,,,,,,,,,,,,,,1016.9,967.9329,0.0,0.0,18.0,1.0
2025-08-03 20:00:00+00:00,24.9315,,,,,,,,,,,,,,,,,,,,,,,,,,,,,,,,,,,,,,,1017.2,968.1784,0.0,0.0,17.0,1.0
2025-08-03 21:00:00+00:00,24.8315,,,,,,,,,,,,,,,,,,,,,,,,,,,,,,,,,,,,,,,1017.4,968.35284,0.0,0.0,22.0,1.0
2025-08-03 22:00:00+00:00,23.7815,,,,,,,,,,,,,,,,,,,,,,,,,,,,,,,,,,,,,,,1017.4,968.18445,0.0,0.0,7.0,1.0
2025-08-03 23:00:00+00:00,22.4315,,,,,,,,,,,,,,,,,,,,,,,,,,,,,,,,,,,,,,,1017.9,968.44214,33.0,0.0,44.0,1.0
2025-08-04 11:00:00+00:00,12.3815,,,,,,,,,,,,,,,,,,,,,,,,,,,,,,,,,,,,,,,1023.5,972.0725,1.0,0.0,43.0,1.0
2025-08-04 12:00:00+00:00,12.731501,,,,,,,,,,,,,,,,,,,,,,,,,,,,,,,,,,,,,,,1023.9,972.5137,99.0,99.0,34.0,1.0
2025-08-04 13:00:00+00:00,13.8315,,,,,,,,,,,,,,,,,,,,,,,,,,,,,,,,,,,,,,,1024.7,973.4647,30.0,99.0,50.0,1.0
2025-08-04 14:00:00+00:00,14.3815,,,,,,,,,,,,,,,,,,,,,,,,,,,,,,,,,,,,,,,1024.5,973.3696,0.0,95.0,50.0,1.0
2025-08-04 15:00:00+00:00,15.281501,,,,,,,,,,,,,,,,,,,,,,,,,,,,,,,,,,,,,,,1025.1,974.0946,0.0,25.0,16.0,1.0
2025-08-04 16:00:00+00:00,16.0815,,,,,,,,,,,,,,,,,,,,,,,,,,,,,,,,,,,,,,,1025.3,974.4216,0.0,1.0,48.0,1.0
2025-08-04 17:00:00+00:00,16.6815,,,,,,,,,,,,,,,,,,,,,,,,,,,,,,,,,,,,,,,1025.7,974.9037,2.0,2.0,50.0,1.0
2025-08-04 18:00:00+00:00,17.6815,,,,,,,,,,,,,,,,,,,,,,,,,,,,,,,,,,,,,,,1025.0,974.4079,0.0,0.0,48.0,1.0
2025-08-04 19:00:00+00:00,18.2815,,,,,,,,,,,,,,,,,,,,,,,,,,,,,,,,,,,,,,,1025.0,974.50903,0.0,0.0,1.0,1.0
2025-08-04 20:00:00+00:00,19.1815,,,,,,,,,,,,,,,,,,,,,,,,,,,,,,,,,,,,,,,1025.0,974.6597,0.0,0.0,0.0,1.0
2025-08-04 21:00:00+00:00,19.1315,,,,,,,,,,,,,,,,,,,,,,,,,,,,,,,,,,,,,,,1024.3,973.98584,0.0,0.0,1.0,1.0
2025-08-04 22:00:00+00:00,18.6315,,,,,,,,,,,,,,,,,,,,,,,,,,,,,,,,,,,,,,,1025.0,974.56757,0.0,0.0,4.0,1.0
2025-08-04 23:00:00+00:00,17.8315,,,,,,,,,,,,,,,,,,,,,,,,,,,,,,,,,,,,,,,1025.0,974.43317,0.0,0.0,2.0,1.0
2025-08-05 00:00:00+00:00,16.5315,,,,,,,,,,,,,,,,,,,,,,,,,,,,,,,,,,,,,,,1025.2,974.4032,0.0,0.0,50.0,1.0
2025-08-05 11:00:00+00:00,9.4315,,,,,,,,,,,,,,,,,,,,,,,,,,,,,,,,,,,,,,,1028.1,975.9189,0.0,0.0,50.0,1.0
2025-08-05 12:00:00+00:00,11.8315,,,,,,,,,,,,,,,,,,,,,,,,,,,,,,,,,,,,,,,1028.5,976.7247,0.0,0.0,50.0,1.0
2025-08-05 13:00:00+00:00,14.281501,,,,,,,,,,,,,,,,,,,,,,,,,,,,,,,,,,,,,,,1029.3,977.9128,0.0,0.0,43.0,1.0
2025-08-05 15:00:00+00:00,18.1815,,,,,,,,,,,,,,,,,,,,,,,,,,,,,,,,,,,,,,,1028.8,978.1048,0.0,0.0,35.0,1.0
2025-08-05 16:00:00+00:00,19.9315,,,,,,,,,,,,,,,,,,,,,,,,,,,,,,,,,,,,,,,1028.9,978.49384,0.0,0.0,4.0,1.0
2025-08-05 17:00:00+00:00,21.1315,,,,,,,,,,,,,,,,,,,,,,,,,,,,,,,,,,,,,,,1028.7,978.5028,0.0,0.0,14.0,1.0
2025-08-05 18:00:00+00:00,22.0815,,,,,,,,,,,,,,,,,,,,,,,,,,,,,,,,,,,,,,,1028.0,977.99384,0.0,0.0,32.0,1.0
2025-08-05 19:00:00+00:00,22.8815,,,,,,,,,,,,,,,,,,,,,,,,,,,,,,,,,,,,,,,1027.9,978.02997,0.0,0.0,5.0,1.0
2025-08-05 20:00:00+00:00,23.731499,,,,,,,,,,,,,,,,,,,,,,,,,,,,,,,,,,,,,,,1027.5,977.78784,0.0,0.0,16.0,1.0
2025-08-05 21:00:00+00:00,24.2815,,,,,,,,,,,,,,,,,,,,,,,,,,,,,,,,,,,,,,,1027.3,977.6868,0.0,0.0,3.0,1.0
2025-08-05 22:00:00+00:00,23.8315,,,,,,,,,,,,,,,,,,,,,,,,,,,,,,,,,,,,,,,1027.0,977.3283,0.0,0.0,2.0,1.0
2025-08-05 23:00:00+00:00,23.2815,,,,,,,,,,,,,,,,,,,,,,,,,,,,,,,,,,,,,,,1027.3,977.5243,0.0,0.0,0.0,1.0
2025-08-06 00:00:00+00:00,21.481499,,,,,,,,,,,,,,,,,,,,,,,,,,,,,,,,,,,,,,,1027.2,977.13385,0.0,0.0,0.0,1.0
2025-08-06 11:00:00+00:00,12.031501,,,,,,,,,,,,,,,,,,,,,,,,,,,,,,,,,,,,,,,1028.6,976.85474,0.0,0.0,0.0,1.0
2025-08-06 12:00:00+00:00,15.1315,,,,,,,,,,,,,,,,,,,,,,,,,,,,,,,,,,,,,,,1029.4,978.1547,0.0,0.0,0.0,1.0
2025-08-06 13:00:00+00:00,18.5815,,,,,,,,,,,,,,,,,,,,,,,,,,,,,,,,,,,,,,,1029.9,979.2182,0.0,0.0,0.0,1.0
2025-08-06 14:00:00+00:00,20.731499,,,,,,,,,,,,,,,,,,,,,,,,,,,,,,,,,,,,,,,1029.3,979.0075,0.0,0.0,0.0,1.0
2025-08-06 15:00:00+00:00,22.3315,,,,,,,,,,,,,,,,,,,,,,,,,,,,,,,,,,,,,,,1028.5,978.5107,0.0,0.0,0.0,1.0
2025-08-06 16:00:00+00:00,23.981499,,,,,,,,,,,,,,,,,,,,,,,,,,,,,,,,,,,,,,,1028.5,978.77997,0.0,0.0,1.0,1.0
2025-08-06 17:00:00+00:00,25.231499,,,,,,,,,,,,,,,,,,,,,,,,,,,,,,,,,,,,,,,1027.9,978.4114,0.0,0.0,11.0,1.0
2025-08-06 18:00:00+00:00,26.5315,,,,,,,,,,,,,,,,,,,,,,,,,,,,,,,,,,,,,,,1027.7,978.4291,0.0,0.0,32.0,1.0
2025-08-06 19:00:00+00:00,26.6315,,,,,,,,,,,,,,,,,,,,,,,,,,,,,,,,,,,,,,,1027.0,977.7788,0.0,0.0,7.0,1.0
2025-08-06 20:00:00+00:00,26.8315,,,,,,,,,,,,,,,,,,,,,,,,,,,,,,,,,,,,,,,1026.7,977.52496,0.0,0.0,12.0,1.0
2025-08-06 21:00:00+00:00,26.9315,,,,,,,,,,,,,,,,,,,,,,,,,,,,,,,,,,,,,,,1026.0,976.87463,0.0,0.0,18.0,1.0
2025-08-06 22:00:00+00:00,26.5815,,,,,,,,,,,,,,,,,,,,,,,,,,,,,,,,,,,,,,,1025.8,976.62823,0.0,0.0,2.0,1.0
2025-08-06 23:00:00+00:00,25.731499,,,,,,,,,,,,,,,,,,,,,,,,,,,,,,,,,,,,,,,1025.5,976.2071,0.0,0.0,8.0,1.0
2025-08-07 00:00:00+00:00,24.6315,,,,,,,,,,,,,,,,,,,,,,,,,,,,,,,,,,,,,,,1025.0,975.5543,0.0,0.0,12.0,1.0
2025-08-07 11:00:00+00:00,16.8315,,,,,,,,,,,,,,,,,,,,,,,,,,,,,,,,,,,,,,,1023.0,972.36304,0.0,0.0,0.0,1.0
2025-08-07 12:00:00+00:00,18.6815,,,,,,,,,,,,,,,,,,,,,,,,,,,,,,,,,,,,,,,1023.4,973.05493,3.0,0.0,18.0,1.0
2025-08-07 13:00:00+00:00,19.5315,,,,,,,,,,,,,,,,,,,,,,,,,,,,,,,,,,,,,,,1023.2,973.0066,7.0,22.0,12.0,1.0
2025-08-07 14:00:00+00:00,21.6315,,,,,,,,,,,,,,,,,,,,,,,,,,,,,,,,,,,,,,,1022.5,972.68756,72.0,99.0,0.0,1.0
2025-08-07 15:00:00+00:00,22.9315,,,,,,,,,,,,,,,,,,,,,,,,,,,,,,,,,,,,,,,1021.9,972.329,0.0,9.0,1.0,1.0
2025-08-07 16:00:00+00:00,24.731499,,,,,,,,,,,,,,,,,,,,,,,,,,,,,,,,,,,,,,,1021.3,972.04877,0.0,18.0,0.0,1.0
2025-08-07 17:00:00+00:00,25.8815,,,,,,,,,,,,,,,,,,,,,,,,,,,,,,,,,,,,,,,1020.6,971.5663,0.0,24.0,14.0,1.0
2025-08-07 18:00:00+00:00,26.4315,,,,,,,,,,,,,,,,,,,,,,,,,,,,,,,,,,,,,,,1019.8,970.8922,0.0,1.0,27.0,1.0
2025-08-07 19:00:00+00:00,26.2815,,,,,,,,,,,,,,,,,,,,,,,,,,,,,,,,,,,,,,,1019.4,970.48755,1.0,2.0,21.0,1.0
2025-08-07 22:00:00+00:00,25.0315,,,,,,,,,,,,,,,,,,,,,,,,,,,,,,,,,,,,,,,1017.9,968.86096,0.0,99.0,13.0,1.0
2025-08-07 23:00:00+00:00,24.6815,,,,,,,,,,,,,,,,,,,,,,,,,,,,,,,,,,,,,,,1018.3,969.18555,0.0,10.0,1.0,1.0
2025-08-08 00:00:00+00:00,23.1315,,,,,,,,,,,,,,,,,,,,,,,,,,,,,,,,,,,,,,,1018.3,968.9361,0.0,1.0,0.0,1.0
2025-08-08 11:00:00+00:00,17.8315,,,,,,,,,,,,,,,,,,,,,,,,,,,,,,,,,,,,,,,1015.5,965.40186,0.0,0.0,6.0,1.0
2025-08-08 12:00:00+00:00,19.1815,,,,,,,,,,,,,,,,,,,,,,,,,,,,,,,,,,,,,,,1015.1,965.2459,0.0,0.0,45.0,1.0
2025-08-08 13:00:00+00:00,21.1815,,,,,,,,,,,,,,,,,,,,,,,,,,,,,,,,,,,,,,,1015.4,965.8602,0.0,0.0,22.0,1.0
2025-08-08 14:00:00+00:00,23.2815,,,,,,,,,,,,,,,,,,,,,,,,,,,,,,,,,,,,,,,1015.7,966.48627,0.0,0.0,14.0,1.0
2025-08-08 15:00:00+00:00,24.8315,,,,,,,,,,,,,,,,,,,,,,,,,,,,,,,,,,,,,,,1014.8,965.8782,0.0,0.0,13.0,1.0
2025-08-08 16:00:00+00:00,26.231499,,,,,,,,,,,,,,,,,,,,,,,,,,,,,,,,,,,,,,,1015.6,966.8622,0.0,0.0,32.0,1.0
2025-08-08 17:00:00+00:00,27.5315,,,,,,,,,,,,,,,,,,,,,,,,,,,,,,,,,,,,,,,1015.0,966.4954,0.0,0.0,34.0,1.0
2025-08-08 18:00:00+00:00,28.5315,,,,,,,,,,,,,,,,,,,,,,,,,,,,,,,,,,,,,,,1014.7,966.36584,0.0,0.0,28.0,1.0
2025-08-08 19:00:00+00:00,29.1315,,,,,,,,,,,,,,,,,,,,,,,,,,,,,,,,,,,,,,,1013.9,965.6971,0.0,0.0,29.0,1.0
2025-08-08 20:00:00+00:00,29.3815,,,,,,,,,,,,,,,,,,,,,,,,,,,,,,,,,,,,,,,1013.3,965.164,0.0,0.0,9.0,1.0
2025-08-08 21:00:00+00:00,29.3315,,,,,,,,,,,,,,,,,,,,,,,,,,,,,,,,,,,,,,,1013.3,965.15643,0.0,0.0,17.0,1.0
2025-08-08 22:00:00+00:00,28.3315,,,,,,,,,,,,,,,,,,,,,,,,,,,,,,,,,,,,,,,1013.4,965.0967,0.0,0.0,49.0,1.0
2025-08-08 23:00:00+00:00,26.7815,,,,,,,,,,,,,,,,,,,,,,,,,,,,,,,,,,,,,,,1013.5,964.9492,0.0,0.0,0.0,1.0
2025-08-09 00:00:00+00:00,25.5315,,,,,,,,,,,,,,,,,,,,,,,,,,,,,,,,,,,,,,,1013.1,964.37134,2.0,0.0,3.0,1.0
2025-08-09 11:00:00+00:00,20.1815,,,,,,,,,,,,,,,,,,,,,,,,,,,,,,,,,,,,,,,1014.4,964.7451,0.0,98.0,6.0,1.0
2025-08-09 12:00:00+00:00,21.231499,,,,,,,,,,,,,,,,,,,,,,,,,,,,,,,,,,,,,,,1014.3,964.822,0.0,9.0,18.0,1.0
2025-08-09 13:00:00+00:00,22.9315,,,,,,,,,,,,,,,,,,,,,,,,,,,,,,,,,,,,,,,1013.9,964.71704,0.0,0.0,7.0,1.0
2025-08-09 14:00:00+00:00,24.8315,,,,,,,,,,,,,,,,,,,,,,,,,,,,,,,,,,,,,,,1013.2,964.3553,0.0,0.0,3.0,1.0
2025-08-09 15:00:00+00:00,27.0315,,,,,,,,,,,,,,,,,,,,,,,,,,,,,,,,,,,,,,,1012.3,963.8461,0.0,0.0,0.0,1.0
2025-08-09 16:00:00+00:00,28.5815,,,,,,,,,,,,,,,,,,,,,,,,,,,,,,,,,,,,,,,1013.0,964.7545,0.0,0.0,0.0,1.0
2025-08-09 17:00:00+00:00,29.2815,,,,,,,,,,,,,,,,,,,,,,,,,,,,,,,,,,,,,,,1013.3,965.1488,5.0,0.0,7.0,1.0
2025-08-09 18:00:00+00:00,30.0815,,,,,,,,,,,,,,,,,,,,,,,,,,,,,,,,,,,,,,,1012.3,964.3195,0.0,0.0,13.0,1.0
2025-08-09 19:00:00+00:00,30.4315,,,,,,,,,,,,,,,,,,,,,,,,,,,,,,,,,,,,,,,1012.5,964.5637,73.0,0.0,11.0,1.0
2025-08-09 20:00:00+00:00,30.5815,,,,,,,,,,,,,,,,,,,,,,,,,,,,,,,,,,,,,,,1012.1,964.2058,66.0,0.0,9.0,1.0
2025-08-09 21:00:00+00:00,29.5815,,,,,,,,,,,,,,,,,,,,,,,,,,,,,,,,,,,,,,,1013.3,965.1951,99.0,5.0,5.0,1.0
2025-08-10 00:00:00+00:00,22.481499,,,,,,,,,,,,,,,,,,,,,,,,,,,,,,,,,,,,,,,1011.6,962.4562,99.0,99.0,0.0,1.0
2025-08-10 11:00:00+00:00,20.4315,,,,,,,,,,,,,,,,,,,,,,,,,,,,,,,,,,,,,,,1014.0,964.4059,0.0,0.0,8.0,1.0
2025-08-10 12:00:00+00:00,21.3815,,,,,,,,,,,,,,,,,,,,,,,,,,,,,,,,,,,,,,,1013.7,964.27576,0.0,0.0,8.0,1.0
2025-08-10 15:00:00+00:00,25.0815,,,,,,,,,,,,,,,,,,,,,,,,,,,,,,,,,,,,,,,1014.1,965.25183,0.0,0.0,5.0,1.0
2025-08-10 16:00:00+00:00,26.6315,,,,,,,,,,,,,,,,,,,,,,,,,,,,,,,,,,,,,,,1014.3,965.68744,0.0,0.0,3.0,1.0
2025-08-10 17:00:00+00:00,28.1815,,,,,,,,,,,,,,,,,,,,,,,,,,,,,,,,,,,,,,,1014.3,965.9303,0.0,0.0,1.0,1.0
2025-08-10 18:00:00+00:00,29.5315,,,,,,,,,,,,,,,,,,,,,,,,,,,,,,,,,,,,,,,1014.1,965.9493,0.0,0.0,27.0,1.0
2025-08-10 19:00:00+00:00,29.2815,,,,,,,,,,,,,,,,,,,,,,,,,,,,,,,,,,,,,,,1013.8,965.625,0.0,0.0,0.0,1.0
2025-08-10 20:00:00+00:00,29.5815,,,,,,,,,,,,,,,,,,,,,,,,,,,,,,,,,,,,,,,1014.0,965.86194,0.0,0.0,4.0,1.0
2025-08-10 21:00:00+00:00,28.981499,,,,,,,,,,,,,,,,,,,,,,,,,,,,,,,,,,,,,,,1013.3,965.1024,0.0,0.0,0.0,1.0
2025-08-10 22:00:00+00:00,27.8315,,,,,,,,,,,,,,,,,,,,,,,,,,,,,,,,,,,,,,,1013.6,965.209,0.0,0.0,0.0,1.0
2025-08-10 23:00:00+00:00,26.1315,,,,,,,,,,,,,,,,,,,,,,,,,,,,,,,,,,,,,,,1014.0,965.32306,0.0,0.0,6.0,1.0
2025-08-11 00:00:00+00:00,25.2815,,,,,,,,,,,,,,,,,,,,,,,,,,,,,,,,,,,,,,,1013.1,964.3317,0.0,0.0,0.0,1.0
2025-08-11 11:00:00+00:00,20.6315,,,,,,,,,,,,,,,,,,,,,,,,,,,,,,,,,,,,,,,1013.4,963.86786,0.0,35.0,5.0,1.0
2025-08-11 12:00:00+00:00,21.481499,,,,,,,,,,,,,,,,,,,,,,,,,,,,,,,,,,,,,,,1013.8,964.387,0.0,6.0,6.0,1.0
2025-08-11 13:00:00+00:00,22.481499,,,,,,,,,,,,,,,,,,,,,,,,,,,,,,,,,,,,,,,1013.8,964.5493,0.0,100.0,14.0,1.0
2025-08-11 14:00:00+00:00,21.6315,,,,,,,,,,,,,,,,,,,,,,,,,,,,,,,,,,,,,,,1014.3,964.887,76.0,100.0,14.0,1.0
2025-08-11 15:00:00+00:00,21.7815,,,,,,,,,,,,,,,,,,,,,,,,,,,,,,,,,,,,,,,1013.4,964.0553,99.0,100.0,20.0,1.0
2025-08-11 16:00:00+00:00,24.3315,,,,,,,,,,,,,,,,,,,,,,,,,,,,,,,,,,,,,,,1013.1,964.18054,1.0,3.0,20.0,1.0
2025-08-11 17:00:00+00:00,25.7815,,,,,,,,,,,,,,,,,,,,,,,,,,,,,,,,,,,,,,,1012.8,964.1252,20.0,10.0,35.0,1.0
2025-08-11 18:00:00+00:00,26.1815,,,,,,,,,,,,,,,,,,,,,,,,,,,,,,,,,,,,,,,1012.2,963.6174,20.0,4.0,17.0,1.0
2025-08-11 22:00:00+00:00,21.8815,,,,,,,,,,,,,,,,,,,,,,,,,,,,,,,,,,,,,,,1011.9,962.6445,99.0,99.0,19.0,1.0
2025-08-12 11:00:00+00:00,16.9315,,,,,,,,,,,,,,,,,,,,,,,,,,,,,,,,,,,,,,,1011.4,961.3539,0.0,0.0,4.0,1.0
2025-08-12 14:00:00+00:00,21.481499,,,,,,,,,,,,,,,,,,,,,,,,,,,,,,,,,,,,,,,1010.7,961.4381,1.0,0.0,24.0,1.0
2025-08-12 15:00:00+00:00,22.2815,,,,,,,,,,,,,,,,,,,,,,,,,,,,,,,,,,,,,,,1010.3,961.1871,0.0,0.0,15.0,1.0
2025-08-12 16:00:00+00:00,23.231499,,,,,,,,,,,,,,,,,,,,,,,,,,,,,,,,,,,,,,,1009.8,960.8643,0.0,0.0,31.0,1.0
2025-08-12 17:00:00+00:00,24.8815,,,,,,,,,,,,,,,,,,,,,,,,,,,,,,,,,,,,,,,1009.4,960.74646,0.0,0.0,21.0,1.0
2025-08-12 18:00:00+00:00,25.731499,,,,,,,,,,,,,,,,,,,,,,,,,,,,,,,,,,,,,,,1008.9,960.405,0.0,0.0,20.0,1.0
2025-08-12 19:00:00+00:00,25.8815,,,,,,,,,,,,,,,,,,,,,,,,,,,,,,,,,,,,,,,1008.5,960.04767,6.0,98.0,31.0,1.0
2025-08-12 20:00:00+00:00,22.7815,,,,,,,,,,,,,,,,,,,,,,,,,,,,,,,,,,,,,,,1008.6,959.65015,84.0,98.0,3.0,1.0
2025-08-12 21:00:00+00:00,23.0315,,,,,,,,,,,,,,,,,,,,,,,,,,,,,,,,,,,,,,,1007.6,958.7387,98.0,99.0,9.0,1.0
2025-08-12 22:00:00+00:00,22.731499,,,,,,,,,,,,,,,,,,,,,,,,,,,,,,,,,,,,,,,1007.1,958.215,4.0,5.0,0.0,1.0
2025-08-12 23:00:00+00:00,22.731499,,,,,,,,,,,,,,,,,,,,,,,,,,,,,,,,,,,,,,,1007.3,958.40533,0.0,0.0,0.0,1.0
2025-08-13 00:00:00+00:00,21.3315,,,,,,,,,,,,,,,,,,,,,,,,,,,,,,,,,,,,,,,1006.7,957.6089,1.0,0.0,0.0,1.0
2025-08-13 11:00:00+00:00,15.4315,,,,,,,,,,,,,,,,,,,,,,,,,,,,,,,,,,,,,,,1009.7,959.4861,0.0,0.0,3.0,1.0
2025-08-13 12:00:00+00:00,16.0315,,,,,,,,,,,,,,,,,,,,,,,,,,,,,,,,,,,,,,,1010.5,960.3475,0.0,0.0,9.0,1.0
2025-08-13 13:00:00+00:00,16.981499,,,,,,,,,,,,,,,,,,,,,,,,,,,,,,,,,,,,,,,1011.4,961.3625,0.0,0.0,17.0,1.0
2025-08-13 14:00:00+00:00,18.0315,,,,,,,,,,,,,,,,,,,,,,,,,,,,,,,,,,,,,,,1011.5,961.6323,0.0,0.0,25.0,1.0
2025-08-13 15:00:00+00:00,18.3315,,,,,,,,,,,,,,,,,,,,,,,,,,,,,,,,,,,,,,,1012.0,962.1576,0.0,0.0,28.0,1.0
2025-08-13 16:00:00+00:00,18.8315,,,,,,,,,,,,,,,,,,,,,,,,,,,,,,,,,,,,,,,1012.2,962.43054,0.0,0.0,37.0,1.0
2025-08-13 17:00:00+00:00,19.6315,,,,,,,,,,,,,,,,,,,,,,,,,,,,,,,,,,,,,,,1012.4,962.75287,0.0,0.0,40.0,1.0
2025-08-13 18:00:00+00:00,19.481499,,,,,,,,,,,,,,,,,,,,,,,,,,,,,,,,,,,,,,,1012.7,963.0135,0.0,0.0,36.0,1.0
2025-08-13 19:00:00+00:00,19.8315,,,,,,,,,,,,,,,,,,,,,,,,,,,,,,,,,,,,,,,1012.4,962.7857,0.0,0.0,35.0,1.0
2025-08-13 20:00:00+00:00,19.981499,,,,,,,,,,,,,,,,,,,,,,,,,,,,,,,,,,,,,,,1013.4,963.7614,0.0,0.0,26.0,1.0
2025-08-13 21:00:00+00:00,19.6315,,,,,,,,,,,,,,,,,,,,,,,,,,,,,,,,,,,,,,,1013.3,963.6087,0.0,0.0,22.0,1.0
2025-08-13 23:00:00+00:00,19.0315,,,,,,,,,,,,,,,,,,,,,,,,,,,,,,,,,,,,,,,1013.5,963.6998,0.0,0.0,0.0,1.0
2025-08-14 00:00:00+00:00,17.3815,,,,,,,,,,,,,,,,,,,,,,,,,,,,,,,,,,,,,,,1013.6,963.5203,0.0,0.0,0.0,1.0
2025-08-14 11:00:00+00:00,6.1315,,,,,,,,,,,,,,,,,,,,,,,,,,,,,,,,,,,,,,,1018.8,966.49866,0.0,0.0,40.0,1.0
2025-08-14 12:00:00+00:00,8.1815,,,,,,,,,,,,,,,,,,,,,,,,,,,,,,,,,,,,,,,1019.8,967.81714,0.0,0.0,50.0,1.0
2025-08-14 13:00:00+00:00,10.4315,,,,,,,,,,,,,,,,,,,,,,,,,,,,,,,,,,,,,,,1020.4,968.78656,0.0,0.0,50.0,1.0
2025-08-14 14:00:00+00:00,12.8815,,,,,,,,,,,,,,,,,,,,,,,,,,,,,,,,,,,,,,,1020.7,969.50037,0.0,0.0,50.0,1.0
2025-08-14 15:00:00+00:00,15.031501,,,,,,,,,,,,,,,,,,,,,,,,,,,,,,,,,,,,,,,1020.4,969.5859,0.0,0.0,0.0,1.0
2025-08-14 16:00:00+00:00,16.7815,,,,,,,,,,,,,,,,,,,,,,,,,,,,,,,,,,,,,,,1019.9,969.40814,1.0,0.0,2.0,1.0
2025-08-14 17:00:00+00:00,18.2815,,,,,,,,,,,,,,,,,,,,,,,,,,,,,,,,,,,,,,,1019.6,969.375,0.0,0.0,5.0,1.0
2025-08-14 18:00:00+00:00,19.1315,,,,,,,,,,,,,,,,,,,,,,,,,,,,,,,,,,,,,,,1019.5,969.4216,0.0,0.0,7.0,1.0
2025-08-14 19:00:00+00:00,20.0315,,,,,,,,,,,,,,,,,,,,,,,,,,,,,,,,,,,,,,,1019.2,969.28564,0.0,0.0,36.0,1.0
2025-08-14 20:00:00+00:00,20.731499,,,,,,,,,,,,,,,,,,,,,,,,,,,,,,,,,,,,,,,1019.0,969.2107,0.0,0.0,50.0,1.0
2025-08-14 21:00:00+00:00,20.8315,,,,,,,,,,,,,,,,,,,,,,,,,,,,,,,,,,,,,,,1018.9,969.1321,0.0,0.0,47.0,1.0
2025-08-14 22:00:00+00:00,21.3315,,,,,,,,,,,,,,,,,,,,,,,,,,,,,,,,,,,,,,,1018.3,968.6432,0.0,0.0,36.0,1.0
2025-08-14 23:00:00+00:00,21.1315,,,,,,,,,,,,,,,,,,,,,,,,,,,,,,,,,,,,,,,1018.1,968.4201,0.0,0.0,24.0,1.0
2025-08-15 00:00:00+00:00,19.981499,,,,,,,,,,,,,,,,,,,,,,,,,,,,,,,,,,,,,,,1017.8,967.94586,0.0,0.0,13.0,1.0
2025-08-15 11:00:00+00:00,13.8815,,,,,,,,,,,,,,,,,,,,,,,,,,,,,,,,,,,,,,,1018.8,967.8683,0.0,0.0,10.0,1.0
2025-08-15 12:00:00+00:00,15.531501,,,,,,,,,,,,,,,,,,,,,,,,,,,,,,,,,,,,,,,1018.7,968.0556,3.0,0.0,5.0,1.0
2025-08-15 13:00:00+00:00,17.4315,,,,,,,,,,,,,,,,,,,,,,,,,,,,,,,,,,,,,,,1018.7,968.3769,0.0,0.0,0.0,1.0
2025-08-15 14:00:00+00:00,19.4315,,,,,,,,,,,,,,,,,,,,,,,,,,,,,,,,,,,,,,,1018.2,968.2354,1.0,0.0,0.0,1.0
2025-08-15 15:00:00+00:00,21.3815,,,,,,,,,,,,,,,,,,,,,,,,,,,,,,,,,,,,,,,1017.8,968.1758,0.0,0.0,0.0,1.0
2025-08-15 16:00:00+00:00,23.2815,,,,,,,,,,,,,,,,,,,,,,,,,,,,,,,,,,,,,,,1017.0,967.72327,0.0,0.0,0.0,1.0
2025-08-15 17:00:00+00:00,23.981499,,,,,,,,,,,,,,,,,,,,,,,,,,,,,,,,,,,,,,,1017.0,967.83594,0.0,0.0,0.0,1.0
2025-08-15 18:00:00+00:00,25.0815,,,,,,,,,,,,,,,,,,,,,,,,,,,,,,,,,,,,,,,1017.0,968.0122,0.0,0.0,0.0,1.0
2025-08-15 19:00:00+00:00,26.1815,,,,,,,,,,,,,,,,,,,,,,,,,,,,,,,,,,,,,,,1016.9,968.0918,0.0,0.0,4.0,1.0
2025-08-15 20:00:00+00:00,27.1315,,,,,,,,,,,,,,,,,,,,,,,,,,,,,,,,,,,,,,,1015.8,967.1945,0.0,0.0,5.0,1.0
2025-08-15 21:00:00+00:00,26.731499,,,,,,,,,,,,,,,,,,,,,,,,,,,,,,,,,,,,,,,1015.1,966.465,0.0,0.0,0.0,1.0
2025-08-15 22:00:00+00:00,26.2815,,,,,,,,,,,,,,,,,,,,,,,,,,,,,,,,,,,,,,,1014.8,966.1082,0.0,0.0,0.0,1.0
2025-08-16 00:00:00+00:00,23.8315,,,,,,,,,,,,,,,,,,,,,,,,,,,,,,,,,,,,,,,1014.9,965.8136,0.0,0.0,0.0,1.0
2025-08-16 11:00:00+00:00,18.6815,,,,,,,,,,,,,,,,,,,,,,,,,,,,,,,,,,,,,,,1015.1,965.1632,0.0,0.0,3.0,1.0
2025-08-16 12:00:00+00:00,19.6815,,,,,,,,,,,,,,,,,,,,,,,,,,,,,,,,,,,,,,,1014.3,964.5679,0.0,0.0,11.0,1.0
2025-08-16 17:00:00+00:00,22.731499,,,,,,,,,,,,,,,,,,,,,,,,,,,,,,,,,,,,,,,1014.9,965.6365,1.0,0.0,39.0,1.0
2025-08-16 18:00:00+00:00,24.6315,,,,,,,,,,,,,,,,,,,,,,,,,,,,,,,,,,,,,,,1014.4,965.4657,0.0,6.0,39.0,1.0
2025-08-16 21:00:00+00:00,23.481499,,,,,,,,,,,,,,,,,,,,,,,,,,,,,,,,,,,,,,,1015.0,965.8526,94.0,0.0,33.0,1.0
2025-08-16 22:00:00+00:00,20.8815,,,,,,,,,,,,,,,,,,,,,,,,,,,,,,,,,,,,,,,1014.5,964.95496,61.0,95.0,9.0,1.0
2025-08-16 23:00:00+00:00,20.231499,,,,,,,,,,,,,,,,,,,,,,,,,,,,,,,,,,,,,,,1014.9,965.2289,71.0,3.0,12.0,1.0
2025-08-17 00:00:00+00:00,18.9315,,,,,,,,,,,,,,,,,,,,,,,,,,,,,,,,,,,,,,,1015.6,965.6802,97.0,29.0,21.0,1.0
2025-08-17 16:00:00+00:00,12.1815,,,,,,,,,,,,,,,,,,,,,,,,,,,,,,,,,,,,,,,1023.8,972.32275,0.0,0.0,40.0,1.0
2025-08-17 17:00:00+00:00,13.8315,,,,,,,,,,,,,,,,,,,,,,,,,,,,,,,,,,,,,,,1023.8,972.60974,0.0,0.0,29.0,1.0
2025-08-17 18:00:00+00:00,14.981501,,,,,,,,,,,,,,,,,,,,,,,,,,,,,,,,,,,,,,,1023.9,972.90295,0.0,0.0,28.0,1.0
2025-08-17 19:00:00+00:00,15.781501,,,,,,,,,,,,,,,,,,,,,,,,,,,,,,,,,,,,,,,1023.3,972.4697,0.0,0.0,4.0,1.0
2025-08-17 20:00:00+00:00,16.481499,,,,,,,,,,,,,,,,,,,,,,,,,,,,,,,,,,,,,,,1022.8,972.1135,0.0,0.0,5.0,1.0
2025-08-17 21:00:00+00:00,16.731499,,,,,,,,,,,,,,,,,,,,,,,,,,,,,,,,,,,,,,,1022.8,972.15594,0.0,0.0,3.0,1.0
2025-08-17 22:00:00+00:00,16.7815,,,,,,,,,,,,,,,,,,,,,,,,,,,,,,,,,,,,,,,1022.6,971.9744,0.0,0.0,3.0,1.0
2025-08-17 23:00:00+00:00,16.2815,,,,,,,,,,,,,,,,,,,,,,,,,,,,,,,,,,,,,,,1022.4,971.6996,0.0,0.0,0.0,1.0
2025-08-18 00:00:00+00:00,14.281501,,,,,,,,,,,,,,,,,,,,,,,,,,,,,,,,,,,,,,,1022.7,971.6422,0.0,0.0,0.0,1.0
2025-08-18 11:00:00+00:00,4.0315,,,,,,,,,,,,,,,,,,,,,,,,,,,,,,,,,,,,,,,1025.2,972.18396,5.0,0.0,1.0,1.0
2025-08-18 12:00:00+00:00,7.3815,,,,,,,,,,,,,,,,,,,,,,,,,,,,,,,,,,,,,,,1026.1,973.65125,5.0,0.0,0.0,1.0
2025-08-18 13:00:00+00:00,10.9315,,,,,,,,,,,,,,,,,,,,,,,,,,,,,,,,,,,,,,,1026.1,974.2869,7.0,0.0,0.0,1.0
2025-08-18 14:00:00+00:00,13.6315,,,,,,,,,,,,,,,,,,,,,,,,,,,,,,,,,,,,,,,1026.5,975.13995,14.0,0.0,0.0,1.0
2025-08-18 15:00:00+00:00,15.231501,,,,,,,,,,,,,,,,,,,,,,,,,,,,,,,,,,,,,,,1026.2,975.1312,8.0,0.0,0.0,1.0
2025-08-18 16:00:00+00:00,16.731499,,,,,,,,,,,,,,,,,,,,,,,,,,,,,,,,,,,,,,,1025.3,974.5322,4.0,0.0,1.0,1.0
2025-08-18 17:00:00+00:00,17.9315,,,,,,,,,,,,,,,,,,,,,,,,,,,,,,,,,,,,,,,1024.9,974.3551,12.0,0.0,2.0,1.0
2025-08-18 18:00:00+00:00,18.8815,,,,,,,,,,,,,,,,,,,,,,,,,,,,,,,,,,,,,,,1024.2,973.8488,15.0,0.0,3.0,1.0
2025-08-18 19:00:00+00:00,19.1315,,,,,,,,,,,,,,,,,,,,,,,,,,,,,,,,,,,,,,,1023.7,973.4153,5.0,0.0,1.0,1.0
2025-08-18 20:00:00+00:00,19.4315,,,,,,,,,,,,,,,,,,,,,,,,,,,,,,,,,,,,,,,1023.1,972.8949,5.0,1.0,2.0,1.0
2025-08-18 21:00:00+00:00,19.3315,,,,,,,,,,,,,,,,,,,,,,,,,,,,,,,,,,,,,,,1022.6,972.40247,9.0,0.0,2.0,1.0
2025-08-18 22:00:00+00:00,18.9315,,,,,,,,,,,,,,,,,,,,,,,,,,,,,,,,,,,,,,,1022.3,972.05084,15.0,0.0,1.0,1.0
2025-08-18 23:00:00+00:00,17.981499,,,,,,,,,,,,,,,,,,,,,,,,,,,,,,,,,,,,,,,1021.3,970.94086,1.0,0.0,0.0,1.0
2025-08-19 00:00:00+00:00,16.0315,,,,,,,,,,,,,,,,,,,,,,,,,,,,,,,,,,,,,,,1021.3,970.61145,2.0,0.0,0.0,1.0
2025-08-19 11:00:00+00:00,7.9315,,,,,,,,,,,,,,,,,,,,,,,,,,,,,,,,,,,,,,,1019.5,967.4875,0.0,0.0,0.0,1.0
2025-08-19 12:00:00+00:00,10.481501,,,,,,,,,,,,,,,,,,,,,,,,,,,,,,,,,,,,,,,1019.4,967.846,0.0,0.0,0.0,1.0
2025-08-19 13:00:00+00:00,13.0815,,,,,,,,,,,,,,,,,,,,,,,,,,,,,,,,,,,,,,,1019.3,968.20526,0.0,0.0,0.0,1.0
2025-08-19 14:00:00+00:00,15.281501,,,,,,,,,,,,,,,,,,,,,,,,,,,,,,,,,,,,,,,1019.1,968.3931,0.0,0.0,0.0,1.0
2025-08-19 15:00:00+00:00,17.5315,,,,,,,,,,,,,,,,,,,,,,,,,,,,,,,,,,,,,,,1019.0,968.6789,0.0,0.0,3.0,1.0
2025-08-19 16:00:00+00:00,19.1315,,,,,,,,,,,,,,,,,,,,,,,,,,,,,,,,,,,,,,,1018.4,968.3757,0.0,0.0,2.0,1.0
2025-08-19 18:00:00+00:00,21.1815,,,,,,,,,,,,,,,,,,,,,,,,,,,,,,,,,,,,,,,1018.1,968.42847,0.0,0.0,32.0,1.0
2025-08-19 19:00:00+00:00,21.4315,,,,,,,,,,,,,,,,,,,,,,,,,,,,,,,,,,,,,,,1017.5,967.8988,0.0,8.0,31.0,1.0
2025-08-19 20:00:00+00:00,21.3815,,,,,,,,,,,,,,,,,,,,,,,,,,,,,,,,,,,,,,,1017.3,967.7002,0.0,19.0,6.0,1.0
2025-08-19 21:00:00+00:00,21.3815,,,,,,,,,,,,,,,,,,,,,,,,,,,,,,,,,,,,,,,1017.1,967.50995,0.0,2.0,44.0,1.0
2025-08-19 22:00:00+00:00,21.9315,,,,,,,,,,,,,,,,,,,,,,,,,,,,,,,,,,,,,,,1016.5,967.0288,0.0,0.0,33.0,1.0
2025-08-19 23:00:00+00:00,20.6815,,,,,,,,,,,,,,,,,,,,,,,,,,,,,,,,,,,,,,,1016.7,967.0148,0.0,0.0,0.0,1.0
2025-08-20 00:00:00+00:00,18.5815,,,,,,,,,,,,,,,,,,,,,,,,,,,,,,,,,,,,,,,1017.0,966.953,0.0,1.0,0.0,1.0
2025-08-20 11:00:00+00:00,14.531501,,,,,,,,,,,,,,,,,,,,,,,,,,,,,,,,,,,,,,,1018.6,967.78973,0.0,15.0,45.0,1.0
2025-08-20 12:00:00+00:00,14.5815,,,,,,,,,,,,,,,,,,,,,,,,,,,,,,,,,,,,,,,1019.0,968.17834,0.0,0.0,7.0,1.0
2025-08-20 13:00:00+00:00,15.9815,,,,,,,,,,,,,,,,,,,,,,,,,,,,,,,,,,,,,,,1019.4,968.7974,0.0,0.0,12.0,1.0
2025-08-20 14:00:00+00:00,17.231499,,,,,,,,,,,,,,,,,,,,,,,,,,,,,,,,,,,,,,,1019.9,969.48395,0.0,0.0,20.0,1.0
2025-08-20 15:00:00+00:00,18.5315,,,,,,,,,,,,,,,,,,,,,,,,,,,,,,,,,,,,,,,1019.6,969.4166,0.0,0.0,49.0,1.0
2025-08-20 16:00:00+00:00,19.3315,,,,,,,,,,,,,,,,,,,,,,,,,,,,,,,,,,,,,,,1019.5,969.45465,0.0,0.0,50.0,1.0
2025-08-20 17:00:00+00:00,20.731499,,,,,,,,,,,,,,,,,,,,,,,,,,,,,,,,,,,,,,,1019.3,969.49603,0.0,0.0,50.0,1.0
2025-08-20 18:00:00+00:00,21.2815,,,,,,,,,,,,,,,,,,,,,,,,,,,,,,,,,,,,,,,1019.3,969.5862,0.0,0.0,50.0,1.0
2025-08-20 19:00:00+00:00,21.2815,,,,,,,,,,,,,,,,,,,,,,,,,,,,,,,,,,,,,,,1019.2,969.4911,0.0,0.0,35.0,1.0
2025-08-20 20:00:00+00:00,21.4315,,,,,,,,,,,,,,,,,,,,,,,,,,,,,,,,,,,,,,,1019.0,969.3257,0.0,0.0,31.0,1.0
2025-08-20 21:00:00+00:00,21.5815,,,,,,,,,,,,,,,,,,,,,,,,,,,,,,,,,,,,,,,1019.4,969.7307,0.0,0.0,34.0,1.0
2025-08-20 22:00:00+00:00,20.6815,,,,,,,,,,,,,,,,,,,,,,,,,,,,,,,,,,,,,,,1019.1,969.2974,0.0,0.0,12.0,1.0
2025-08-20 23:00:00+00:00,20.0815,,,,,,,,,,,,,,,,,,,,,,,,,,,,,,,,,,,,,,,1019.6,969.67426,0.0,0.0,11.0,1.0
2025-08-21 00:00:00+00:00,18.5815,,,,,,,,,,,,,,,,,,,,,,,,,,,,,,,,,,,,,,,1019.6,969.425,0.0,0.0,32.0,1.0
2025-08-21 13:00:00+00:00,16.0815,,,,,,,,,,,,,,,,,,,,,,,,,,,,,,,,,,,,,,,1020.0,969.3845,0.0,0.0,50.0,1.0
2025-08-21 14:00:00+00:00,18.1315,,,,,,,,,,,,,,,,,,,,,,,,,,,,,,,,,,,,,,,1020.1,969.8252,0.0,0.0,9.0,1.0
2025-08-21 15:00:00+00:00,19.9315,,,,,,,,,,,,,,,,,,,,,,,,,,,,,,,,,,,,,,,1019.9,969.93475,0.0,0.0,50.0,1.0
2025-08-21 16:00:00+00:00,22.231499,,,,,,,,,,,,,,,,,,,,,,,,,,,,,,,,,,,,,,,1019.8,970.21735,0.0,0.0,50.0,1.0
2025-08-21 17:00:00+00:00,23.2815,,,,,,,,,,,,,,,,,,,,,,,,,,,,,,,,,,,,,,,1019.5,970.1022,0.0,0.0,40.0,1.0
2025-08-21 18:00:00+00:00,23.6315,,,,,,,,,,,,,,,,,,,,,,,,,,,,,,,,,,,,,,,1018.5,969.20734,0.0,0.0,31.0,1.0
2025-08-21 19:00:00+00:00,24.1815,,,,,,,,,,,,,,,,,,,,,,,,,,,,,,,,,,,,,,,1017.9,968.7247,0.0,0.0,4.0,1.0
2025-08-21 20:00:00+00:00,24.5815,,,,,,,,,,,,,,,,,,,,,,,,,,,,,,,,,,,,,,,1017.5,968.4082,0.0,0.0,8.0,1.0
2025-08-21 21:00:00+00:00,24.1815,,,,,,,,,,,,,,,,,,,,,,,,,,,,,,,,,,,,,,,1016.9,967.77295,0.0,0.0,4.0,1.0
2025-08-21 22:00:00+00:00,24.1315,,,,,,,,,,,,,,,,,,,,,,,,,,,,,,,,,,,,,,,1017.1,967.9552,0.0,0.0,3.0,1.0
2025-08-21 23:00:00+00:00,23.481499,,,,,,,,,,,,,,,,,,,,,,,,,,,,,,,,,,,,,,,1016.7,967.47034,0.0,0.0,0.0,1.0
2025-08-22 00:00:00+00:00,21.7815,,,,,,,,,,,,,,,,,,,,,,,,,,,,,,,,,,,,,,,1016.0,966.5287,0.0,53.0,0.0,1.0
2025-08-22 11:00:00+00:00,15.5815,,,,,,,,,,,,,,,,,,,,,,,,,,,,,,,,,,,,,,,1014.9,964.4532,0.0,28.0,15.0,1.0
2025-08-22 12:00:00+00:00,16.5815,,,,,,,,,,,,,,,,,,,,,,,,,,,,,,,,,,,,,,,1014.7,964.43176,0.0,0.0,0.0,1.0
2025-08-22 13:00:00+00:00,18.0315,,,,,,,,,,,,,,,,,,,,,,,,,,,,,,,,,,,,,,,1013.9,963.914,38.0,100.0,1.0,1.0
2025-08-22 14:00:00+00:00,19.3815,,,,,,,,,,,,,,,,,,,,,,,,,,,,,,,,,,,,,,,1014.4,964.6136,99.0,82.0,25.0,1.0
2025-08-22 15:00:00+00:00,20.6815,,,,,,,,,,,,,,,,,,,,,,,,,,,,,,,,,,,,,,,1013.3,963.7809,10.0,13.0,3.0,1.0
2025-08-22 16:00:00+00:00,21.8315,,,,,,,,,,,,,,,,,,,,,,,,,,,,,,,,,,,,,,,1012.8,963.4928,99.0,0.0,9.0,1.0
2025-08-22 17:00:00+00:00,22.981499,,,,,,,,,,,,,,,,,,,,,,,,,,,,,,,,,,,,,,,1012.7,963.58344,35.0,0.0,37.0,1.0
2025-08-22 19:00:00+00:00,23.4315,,,,,,,,,,,,,,,,,,,,,,,,,,,,,,,,,,,,,,,1012.3,963.275,0.0,0.0,34.0,1.0
2025-08-22 20:00:00+00:00,23.5315,,,,,,,,,,,,,,,,,,,,,,,,,,,,,,,,,,,,,,,1011.7,962.7203,0.0,0.0,22.0,1.0
2025-08-22 21:00:00+00:00,23.9315,,,,,,,,,,,,,,,,,,,,,,,,,,,,,,,,,,,,,,,1011.0,962.11804,0.0,0.0,25.0,1.0
2025-08-22 22:00:00+00:00,23.1315,,,,,,,,,,,,,,,,,,,,,,,,,,,,,,,,,,,,,,,1011.0,961.99,0.0,0.0,20.0,1.0
2025-08-23 00:00:00+00:00,21.3815,,,,,,,,,,,,,,,,,,,,,,,,,,,,,,,,,,,,,,,1009.8,960.56586,35.0,0.0,0.0,1.0
2025-08-23 14:00:00+00:00,18.3315,,,,,,,,,,,,,,,,,,,,,,,,,,,,,,,,,,,,,,,1003.7,954.26636,0.0,0.0,39.0,1.0
2025-08-23 16:00:00+00:00,20.481499,,,,,,,,,,,,,,,,,,,,,,,,,,,,,,,,,,,,,,,1003.2,954.1423,0.0,0.0,27.0,1.0
2025-08-23 17:00:00+00:00,21.481499,,,,,,,,,,,,,,,,,,,,,,,,,,,,,,,,,,,,,,,1003.0,954.1134,0.0,0.0,45.0,1.0
2025-08-23 19:00:00+00:00,21.1815,,,,,,,,,,,,,,,,,,,,,,,,,,,,,,,,,,,,,,,1002.6,953.68463,0.0,0.0,39.0,1.0
2025-08-23 20:00:00+00:00,20.4315,,,,,,,,,,,,,,,,,,,,,,,,,,,,,,,,,,,,,,,1002.7,953.65857,0.0,0.0,19.0,1.0
2025-08-23 22:00:00+00:00,19.5315,,,,,,,,,,,,,,,,,,,,,,,,,,,,,,,,,,,,,,,1003.6,954.36804,0.0,0.0,9.0,1.0
2025-08-23 23:00:00+00:00,18.481499,,,,,,,,,,,,,,,,,,,,,,,,,,,,,,,,,,,,,,,1003.3,953.9108,0.0,0.0,0.0,1.0
2025-08-24 00:00:00+00:00,16.5815,,,,,,,,,,,,,,,,,,,,,,,,,,,,,,,,,,,,,,,1004.2,954.45197,0.0,0.0,0.0,1.0
2025-08-24 11:00:00+00:00,10.6815,,,,,,,,,,,,,,,,,,,,,,,,,,,,,,,,,,,,,,,1005.2,954.3989,0.0,0.0,17.0,1.0
2025-08-24 14:00:00+00:00,15.0815,,,,,,,,,,,,,,,,,,,,,,,,,,,,,,,,,,,,,,,1005.0,954.9609,0.0,0.0,39.0,1.0
2025-08-24 15:00:00+00:00,16.3315,,,,,,,,,,,,,,,,,,,,,,,,,,,,,,,,,,,,,,,1004.5,954.6953,0.0,0.0,41.0,1.0
2025-08-24 18:00:00+00:00,16.8315,,,,,,,,,,,,,,,,,,,,,,,,,,,,,,,,,,,,,,,1004.5,954.77875,0.0,0.0,38.0,1.0
2025-08-24 19:00:00+00:00,17.6815,,,,,,,,,,,,,,,,,,,,,,,,,,,,,,,,,,,,,,,1004.1,954.5394,0.0,0.0,30.0,1.0
2025-08-24 20:00:00+00:00,17.8315,,,,,,,,,,,,,,,,,,,,,,,,,,,,,,,,,,,,,,,1004.2,954.6593,0.0,0.0,27.0,1.0
2025-08-24 21:00:00+00:00,17.1315,,,,,,,,,,,,,,,,,,,,,,,,,,,,,,,,,,,,,,,1004.1,954.44824,0.0,0.0,13.0,1.0
2025-08-24 22:00:00+00:00,17.0315,,,,,,,,,,,,,,,,,,,,,,,,,,,,,,,,,,,,,,,1004.3,954.6218,0.0,0.0,9.0,1.0
2025-08-24 23:00:00+00:00,14.6815,,,,,,,,,,,,,,,,,,,,,,,,,,,,,,,,,,,,,,,1004.5,954.4185,0.0,0.0,23.0,1.0
2025-08-26 11:00:00+00:00,6.9815,,,,,,,,,,,,,,,,,,,,,,,,,,,,,,,,,,,,,,,1014.2,962.28796,0.0,0.0,8.0,1.0
2025-08-26 14:00:00+00:00,10.3815,,,,,,,,,,,,,,,,,,,,,,,,,,,,,,,,,,,,,,,1017.1,965.6446,0.0,0.0,29.0,1.0
2025-08-26 15:00:00+00:00,10.981501,,,,,,,,,,,,,,,,,,,,,,,,,,,,,,,,,,,,,,,1016.9,965.56006,0.0,0.0,32.0,1.0
2025-08-26 16:00:00+00:00,12.6315,,,,,,,,,,,,,,,,,,,,,,,,,,,,,,,,,,,,,,,1017.1,966.03754,0.0,0.0,42.0,1.0
2025-08-26 17:00:00+00:00,13.6815,,,,,,,,,,,,,,,,,,,,,,,,,,,,,,,,,,,,,,,1017.5,966.5988,0.0,0.0,40.0,1.0
2025-08-26 18:00:00+00:00,14.281501,,,,,,,,,,,,,,,,,,,,,,,,,,,,,,,,,,,,,,,1017.3,966.5118,0.0,0.0,35.0,1.0
2025-08-26 19:00:00+00:00,14.9315,,,,,,,,,,,,,,,,,,,,,,,,,,,,,,,,,,,,,,,1017.1,966.4331,0.0,0.0,32.0,1.0
2025-08-26 20:00:00+00:00,15.4315,,,,,,,,,,,,,,,,,,,,,,,,,,,,,,,,,,,,,,,1016.9,966.328,0.0,0.0,27.0,1.0
2025-08-26 21:00:00+00:00,15.781501,,,,,,,,,,,,,,,,,,,,,,,,,,,,,,,,,,,,,,,1017.0,966.4827,0.0,0.0,23.0,1.0
2025-08-26 22:00:00+00:00,15.6815,,,,,,,,,,,,,,,,,,,,,,,,,,,,,,,,,,,,,,,1017.4,966.84564,0.0,0.0,2.0,1.0
2025-08-26 23:00:00+00:00,14.531501,,,,,,,,,,,,,,,,,,,,,,,,,,,,,,,,,,,,,,,1017.4,966.64966,0.0,0.0,0.0,1.0
2025-08-27 00:00:00+00:00,12.3815,,,,,,,,,,,,,,,,,,,,,,,,,,,,,,,,,,,,,,,1018.0,966.8489,0.0,0.0,0.0,1.0
2025-08-27 11:00:00+00:00,5.0815,,,,,,,,,,,,,,,,,,,,,,,,,,,,,,,,,,,,,,,1017.5,965.0745,76.0,0.0,9.0,1.0
2025-08-27 12:00:00+00:00,7.1815,,,,,,,,,,,,,,,,,,,,,,,,,,,,,,,,,,,,,,,1017.1,965.0755,43.0,0.0,9.0,1.0
2025-08-27 13:00:00+00:00,9.981501,,,,,,,,,,,,,,,,,,,,,,,,,,,,,,,,,,,,,,,1017.0,965.4794,10.0,0.0,32.0,1.0
2025-08-27 14:00:00+00:00,12.731501,,,,,,,,,,,,,,,,,,,,,,,,,,,,,,,,,,,,,,,1016.8,965.76996,80.0,0.0,0.0,1.0
2025-08-27 15:00:00+00:00,15.1815,,,,,,,,,,,,,,,,,,,,,,,,,,,,,,,,,,,,,,,1016.4,965.8104,10.0,2.0,0.0,1.0
2025-08-27 16:00:00+00:00,16.7815,,,,,,,,,,,,,,,,,,,,,,,,,,,,,,,,,,,,,,,1015.7,965.4161,5.0,2.0,0.0,1.0
2025-08-27 17:00:00+00:00,18.0815,,,,,,,,,,,,,,,,,,,,,,,,,,,,,,,,,,,,,,,1015.0,964.9684,44.0,5.0,0.0,1.0
2025-08-27 18:00:00+00:00,17.1815,,,,,,,,,,,,,,,,,,,,,,,,,,,,,,,,,,,,,,,1014.7,964.5328,3.0,100.0,16.0,1.0
2025-08-28 11:00:00+00:00,5.3315,,,,,,,,,,,,,,,,,,,,,,,,,,,,,,,,,,,,,,,1017.0,964.64575,0.0,0.0,21.0,1.0
2025-08-28 21:00:00+00:00,11.0815,,,,,,,,,,,,,,,,,,,,,,,,,,,,,,,,,,,,,,,1019.0,967.5719,0.0,0.0,28.0,1.0
2025-08-29 11:00:00+00:00,3.7814999,,,,,,,,,,,,,,,,,,,,,,,,,,,,,,,,,,,,,,,1021.4,968.53424,3.0,0.0,42.0,1.0
2025-08-29 13:00:00+00:00,7.3815,,,,,,,,,,,,,,,,,,,,,,,,,,,,,,,,,,,,,,,1021.6,969.3813,2.0,0.0,38.0,1.0
2025-08-29 14:00:00+00:00,9.8315,,,,,,,,,,,,,,,,,,,,,,,,,,,,,,,,,,,,,,,1021.8,970.0095,0.0,2.0,8.0,1.0
2025-08-29 15:00:00+00:00,11.731501,,,,,,,,,,,,,,,,,,,,,,,,,,,,,,,,,,,,,,,1021.5,970.05945,0.0,0.0,2.0,1.0
2025-08-29 16:00:00+00:00,13.031501,,,,,,,,,,,,,,,,,,,,,,,,,,,,,,,,,,,,,,,1021.3,970.0963,2.0,2.0,9.0,1.0
2025-08-29 17:00:00+00:00,14.4315,,,,,,,,,,,,,,,,,,,,,,,,,,,,,,,,,,,,,,,1021.4,970.433,78.0,10.0,36.0,1.0
2025-08-29 18:00:00+00:00,15.031501,,,,,,,,,,,,,,,,,,,,,,,,,,,,,,,,,,,,,,,1021.0,970.15594,21.0,6.0,35.0,1.0
2025-08-29 19:00:00+00:00,15.1315,,,,,,,,,,,,,,,,,,,,,,,,,,,,,,,,,,,,,,,1020.7,969.8878,1.0,0.0,35.0,1.0
2025-08-29 20:00:00+00:00,15.1815,,,,,,,,,,,,,,,,,,,,,,,,,,,,,,,,,,,,,,,1020.2,969.4213,0.0,0.0,35.0,1.0
2025-08-29 21:00:00+00:00,15.0815,,,,,,,,,,,,,,,,,,,,,,,,,,,,,,,,,,,,,,,1019.7,968.92896,0.0,0.0,5.0,1.0
2025-08-29 22:00:00+00:00,15.1315,,,,,,,,,,,,,,,,,,,,,,,,,,,,,,,,,,,,,,,1019.3,968.5575,0.0,0.0,39.0,1.0
2025-08-29 23:00:00+00:00,14.3315,,,,,,,,,,,,,,,,,,,,,,,,,,,,,,,,,,,,,,,1019.5,968.61053,0.0,0.0,0.0,1.0
2025-08-30 00:00:00+00:00,11.481501,,,,,,,,,,,,,,,,,,,,,,,,,,,,,,,,,,,,,,,1018.8,967.452,0.0,0.0,0.0,1.0
2025-08-30 11:00:00+00:00,5.1315,,,,,,,,,,,,,,,,,,,,,,,,,,,,,,,,,,,,,,,1019.1,966.60126,5.0,0.0,3.0,1.0
2025-08-30 12:00:00+00:00,6.9315,,,,,,,,,,,,,,,,,,,,,,,,,,,,,,,,,,,,,,,1018.7,966.54846,12.0,0.0,4.0,1.0
2025-08-30 13:00:00+00:00,9.9315,,,,,,,,,,,,,,,,,,,,,,,,,,,,,,,,,,,,,,,1019.4,967.74896,10.0,2.0,3.0,1.0
2025-08-30 14:00:00+00:00,12.281501,,,,,,,,,,,,,,,,,,,,,,,,,,,,,,,,,,,,,,,1019.3,968.06616,12.0,4.0,2.0,1.0
2025-08-30 15:00:00+00:00,14.3815,,,,,,,,,,,,,,,,,,,,,,,,,,,,,,,,,,,,,,,1019.1,968.23914,97.0,4.0,4.0,1.0
2025-08-30 16:00:00+00:00,16.1315,,,,,,,,,,,,,,,,,,,,,,,,,,,,,,,,,,,,,,,1019.5,968.9179,83.0,0.0,3.0,1.0
2025-08-30 17:00:00+00:00,17.7815,,,,,,,,,,,,,,,,,,,,,,,,,,,,,,,,,,,,,,,1019.0,968.72095,9.0,0.0,0.0,1.0
2025-08-30 18:00:00+00:00,18.8315,,,,,,,,,,,,,,,,,,,,,,,,,,,,,,,,,,,,,,,1018.9,968.8011,17.0,0.0,0.0,1.0
2025-08-30 19:00:00+00:00,19.8315,,,,,,,,,,,,,,,,,,,,,,,,,,,,,,,,,,,,,,,1018.3,968.39655,15.0,1.0,0.0,1.0
2025-08-30 20:00:00+00:00,20.731499,,,,,,,,,,,,,,,,,,,,,,,,,,,,,,,,,,,,,,,1018.2,968.44977,0.0,0.0,0.0,1.0
2025-08-30 21:00:00+00:00,20.6815,,,,,,,,,,,,,,,,,,,,,,,,,,,,,,,,,,,,,,,1018.2,968.44147,0.0,0.0,0.0,1.0
2025-08-30 22:00:00+00:00,20.731499,,,,,,,,,,,,,,,,,,,,,,,,,,,,,,,,,,,,,,,1018.3,968.54486,0.0,0.0,0.0,1.0
2025-08-30 23:00:00+00:00,19.481499,,,,,,,,,,,,,,,,,,,,,,,,,,,,,,,,,,,,,,,1018.3,968.3387,0.0,0.0,0.0,1.0
2025-08-31 00:00:00+00:00,17.0815,,,,,,,,,,,,,,,,,,,,,,,,,,,,,,,,,,,,,,,1018.8,968.41315,0.0,0.0,40.0,1.0
2025-08-31 11:00:00+00:00,10.0815,,,,,,,,,,,,,,,,,,,,,,,,,,,,,,,,,,,,,,,1022.1,970.3388,0.0,0.0,35.0,1.0
2025-08-31 12:00:00+00:00,11.8315,,,,,,,,,,,,,,,,,,,,,,,,,,,,,,,,,,,,,,,1022.8,971.3116,0.0,0.0,3.0,1.0
2025-08-31 13:00:00+00:00,14.1815,,,,,,,,,,,,,,,,,,,,,,,,,,,,,,,,,,,,,,,1023.1,972.00507,0.0,0.0,15.0,1.0
2025-08-31 14:00:00+00:00,16.3815,,,,,,,,,,,,,,,,,,,,,,,,,,,,,,,,,,,,,,,1023.2,972.47675,0.0,0.0,10.0,1.0
2025-08-31 15:00:00+00:00,18.731499,,,,,,,,,,,,,,,,,,,,,,,,,,,,,,,,,,,,,,,1023.2,972.87305,0.0,0.0,9.0,1.0
2025-08-31 16:00:00+00:00,20.3315,,,,,,,,,,,,,,,,,,,,,,,,,,,,,,,,,,,,,,,1023.1,973.0441,0.0,0.0,8.0,1.0
2025-08-31 17:00:00+00:00,22.1315,,,,,,,,,,,,,,,,,,,,,,,,,,,,,,,,,,,,,,,1022.7,972.9597,0.0,0.0,4.0,1.0
2025-08-31 18:00:00+00:00,23.3315,,,,,,,,,,,,,,,,,,,,,,,,,,,,,,,,,,,,,,,1022.9,973.3457,0.0,0.0,15.0,1.0
2025-08-31 19:00:00+00:00,23.0815,,,,,,,,,,,,,,,,,,,,,,,,,,,,,,,,,,,,,,,1022.4,972.82935,0.0,0.0,19.0,1.0
2025-08-31 20:00:00+00:00,24.1315,,,,,,,,,,,,,,,,,,,,,,,,,,,,,,,,,,,,,,,1022.3,972.904,0.0,0.0,15.0,1.0
2025-08-31 21:00:00+00:00,24.1815,,,,,,,,,,,,,,,,,,,,,,,,,,,,,,,,,,,,,,,1022.1,972.7217,0.0,0.0,2.0,1.0
2025-08-31 22:00:00+00:00,24.3315,,,,,,,,,,,,,,,,,,,,,,,,,,,,,,,,,,,,,,,1022.3,972.93634,0.0,0.0,0.0,1.0
2025-08-31 23:00:00+00:00,22.8815,,,,,,,,,,,,,,,,,,,,,,,,,,,,,,,,,,,,,,,1022.5,972.8919,0.0,0.0,0.0,1.0
